"start_time","end_time","発電計画kW","需要計画kW"
2025-10-09 10:30:00.000 +0900,2025-10-09 11:00:00.000 +0900,0,0
2025-08-01 20:00:00.000 +0900,2025-08-01 20:30:00.000 +0900,,1900
2025-08-01 20:30:00.000 +0900,2025-08-01 21:00:00.000 +0900,,1900
2025-08-02 06:00:00.000 +0900,2025-08-02 06:30:00.000 +0900,,0
2025-08-02 06:30:00.000 +0900,2025-08-02 07:00:00.000 +0900,,0
2025-08-02 07:00:00.000 +0900,2025-08-02 07:30:00.000 +0900,,0
2025-08-02 08:00:00.000 +0900,2025-08-02 08:30:00.000 +0900,,0
2025-08-02 07:30:00.000 +0900,2025-08-02 08:00:00.000 +0900,,0
2025-08-02 08:30:00.000 +0900,2025-08-02 09:00:00.000 +0900,,0
2025-08-02 09:00:00.000 +0900,2025-08-02 09:30:00.000 +0900,,0
2025-08-02 09:30:00.000 +0900,2025-08-02 10:00:00.000 +0900,,0
2025-08-02 10:00:00.000 +0900,2025-08-02 10:30:00.000 +0900,,0
2025-08-02 10:30:00.000 +0900,2025-08-02 11:00:00.000 +0900,,0
2025-08-02 11:30:00.000 +0900,2025-08-02 12:00:00.000 +0900,,0
2025-08-02 11:00:00.000 +0900,2025-08-02 11:30:00.000 +0900,,0
2025-08-02 12:00:00.000 +0900,2025-08-02 12:30:00.000 +0900,,0
2025-08-02 12:30:00.000 +0900,2025-08-02 13:00:00.000 +0900,,0
2025-08-02 13:00:00.000 +0900,2025-08-02 13:30:00.000 +0900,,0
2025-08-02 13:30:00.000 +0900,2025-08-02 14:00:00.000 +0900,,0
2025-08-02 14:00:00.000 +0900,2025-08-02 14:30:00.000 +0900,,0
2025-08-02 14:30:00.000 +0900,2025-08-02 15:00:00.000 +0900,,0
2025-08-02 15:00:00.000 +0900,2025-08-02 15:30:00.000 +0900,,0
2025-08-02 15:30:00.000 +0900,2025-08-02 16:00:00.000 +0900,,0
2025-08-02 16:00:00.000 +0900,2025-08-02 16:30:00.000 +0900,,0
2025-08-02 16:30:00.000 +0900,2025-08-02 17:00:00.000 +0900,,0
2025-08-02 17:00:00.000 +0900,2025-08-02 17:30:00.000 +0900,,0
2025-08-02 17:30:00.000 +0900,2025-08-02 18:00:00.000 +0900,,0
2025-08-03 06:00:00.000 +0900,2025-08-03 06:30:00.000 +0900,,0
2025-08-03 06:30:00.000 +0900,2025-08-03 07:00:00.000 +0900,,0
2025-08-03 07:00:00.000 +0900,2025-08-03 07:30:00.000 +0900,,0
2025-08-03 07:30:00.000 +0900,2025-08-03 08:00:00.000 +0900,,0
2025-08-03 08:00:00.000 +0900,2025-08-03 08:30:00.000 +0900,,0
2025-08-03 08:30:00.000 +0900,2025-08-03 09:00:00.000 +0900,,0
2025-08-03 09:00:00.000 +0900,2025-08-03 09:30:00.000 +0900,,0
2025-08-03 09:30:00.000 +0900,2025-08-03 10:00:00.000 +0900,,0
2025-08-03 10:00:00.000 +0900,2025-08-03 10:30:00.000 +0900,,0
2025-08-03 10:30:00.000 +0900,2025-08-03 11:00:00.000 +0900,,0
2025-08-03 11:00:00.000 +0900,2025-08-03 11:30:00.000 +0900,,0
2025-08-03 11:30:00.000 +0900,2025-08-03 12:00:00.000 +0900,,0
2025-08-03 12:00:00.000 +0900,2025-08-03 12:30:00.000 +0900,,0
2025-08-03 12:30:00.000 +0900,2025-08-03 13:00:00.000 +0900,,0
2025-08-03 13:00:00.000 +0900,2025-08-03 13:30:00.000 +0900,,0
2025-08-03 13:30:00.000 +0900,2025-08-03 14:00:00.000 +0900,,0
2025-08-03 14:00:00.000 +0900,2025-08-03 14:30:00.000 +0900,,0
2025-08-03 15:00:00.000 +0900,2025-08-03 15:30:00.000 +0900,,0
2025-08-03 14:30:00.000 +0900,2025-08-03 15:00:00.000 +0900,,0
2025-08-03 15:30:00.000 +0900,2025-08-03 16:00:00.000 +0900,,0
2025-08-03 16:00:00.000 +0900,2025-08-03 16:30:00.000 +0900,,0
2025-08-03 16:30:00.000 +0900,2025-08-03 17:00:00.000 +0900,,0
2025-08-03 17:00:00.000 +0900,2025-08-03 17:30:00.000 +0900,,0
2025-08-03 17:30:00.000 +0900,2025-08-03 18:00:00.000 +0900,,0
2025-08-08 06:00:00.000 +0900,2025-08-08 06:30:00.000 +0900,,0
2025-08-08 06:30:00.000 +0900,2025-08-08 07:00:00.000 +0900,,0
2025-08-08 07:00:00.000 +0900,2025-08-08 07:30:00.000 +0900,,0
2025-08-08 07:30:00.000 +0900,2025-08-08 08:00:00.000 +0900,,0
2025-08-08 08:00:00.000 +0900,2025-08-08 08:30:00.000 +0900,,0
2025-08-08 08:30:00.000 +0900,2025-08-08 09:00:00.000 +0900,,0
2025-08-08 09:00:00.000 +0900,2025-08-08 09:30:00.000 +0900,,0
2025-08-08 10:00:00.000 +0900,2025-08-08 10:30:00.000 +0900,,0
2025-08-08 09:30:00.000 +0900,2025-08-08 10:00:00.000 +0900,,0
2025-08-08 10:30:00.000 +0900,2025-08-08 11:00:00.000 +0900,,0
2025-08-08 11:00:00.000 +0900,2025-08-08 11:30:00.000 +0900,,0
2025-08-08 11:30:00.000 +0900,2025-08-08 12:00:00.000 +0900,,0
2025-08-08 12:00:00.000 +0900,2025-08-08 12:30:00.000 +0900,,0
2025-08-08 12:30:00.000 +0900,2025-08-08 13:00:00.000 +0900,,0
2025-08-08 13:30:00.000 +0900,2025-08-08 14:00:00.000 +0900,,0
2025-08-08 13:00:00.000 +0900,2025-08-08 13:30:00.000 +0900,,0
2025-08-08 14:30:00.000 +0900,2025-08-08 15:00:00.000 +0900,,0
2025-08-08 14:00:00.000 +0900,2025-08-08 14:30:00.000 +0900,,0
2025-08-08 15:00:00.000 +0900,2025-08-08 15:30:00.000 +0900,,0
2025-10-09 11:00:00.000 +0900,2025-10-09 11:30:00.000 +0900,0,0
2025-10-09 11:30:00.000 +0900,2025-10-09 12:00:00.000 +0900,0,0
2025-08-08 15:30:00.000 +0900,2025-08-08 16:00:00.000 +0900,,0
2025-08-08 16:00:00.000 +0900,2025-08-08 16:30:00.000 +0900,,0
2025-08-08 16:30:00.000 +0900,2025-08-08 17:00:00.000 +0900,,0
2025-08-08 17:00:00.000 +0900,2025-08-08 17:30:00.000 +0900,,0
2025-08-08 17:30:00.000 +0900,2025-08-08 18:00:00.000 +0900,,0
2025-08-04 15:00:00.000 +0900,2025-08-04 15:30:00.000 +0900,0,1998
2025-08-04 15:30:00.000 +0900,2025-08-04 16:00:00.000 +0900,0,1998
2025-08-04 16:00:00.000 +0900,2025-08-04 16:30:00.000 +0900,0,1998
2025-08-04 16:30:00.000 +0900,2025-08-04 17:00:00.000 +0900,0,1998
2025-08-04 17:00:00.000 +0900,2025-08-04 17:30:00.000 +0900,0,1998
2025-08-04 17:30:00.000 +0900,2025-08-04 18:00:00.000 +0900,0,1998
2025-08-05 15:00:00.000 +0900,2025-08-05 15:30:00.000 +0900,0,1998
2025-08-05 15:30:00.000 +0900,2025-08-05 16:00:00.000 +0900,0,1998
2025-08-05 16:00:00.000 +0900,2025-08-05 16:30:00.000 +0900,0,1998
2025-08-05 16:30:00.000 +0900,2025-08-05 17:00:00.000 +0900,0,1998
2025-08-05 17:00:00.000 +0900,2025-08-05 17:30:00.000 +0900,0,1998
2025-08-05 17:30:00.000 +0900,2025-08-05 18:00:00.000 +0900,0,1998
2025-08-06 15:00:00.000 +0900,2025-08-06 15:30:00.000 +0900,0,1998
2025-08-06 15:30:00.000 +0900,2025-08-06 16:00:00.000 +0900,0,1998
2025-08-06 16:00:00.000 +0900,2025-08-06 16:30:00.000 +0900,0,1998
2025-08-06 16:30:00.000 +0900,2025-08-06 17:00:00.000 +0900,0,1998
2025-08-06 17:00:00.000 +0900,2025-08-06 17:30:00.000 +0900,0,1998
2025-08-06 17:30:00.000 +0900,2025-08-06 18:00:00.000 +0900,0,1998
2025-08-04 11:00:00.000 +0900,2025-08-04 11:30:00.000 +0900,,1900
2025-08-07 15:00:00.000 +0900,2025-08-07 15:30:00.000 +0900,0,0
2025-08-07 15:30:00.000 +0900,2025-08-07 16:00:00.000 +0900,0,0
2025-08-07 17:30:00.000 +0900,2025-08-07 18:00:00.000 +0900,0,0
2025-08-07 16:30:00.000 +0900,2025-08-07 17:00:00.000 +0900,0,0
2025-08-07 17:00:00.000 +0900,2025-08-07 17:30:00.000 +0900,0,0
2025-08-07 16:00:00.000 +0900,2025-08-07 16:30:00.000 +0900,0,0
2025-08-12 13:00:00.000 +0900,2025-08-12 13:30:00.000 +0900,0,1998
2025-08-12 14:00:00.000 +0900,2025-08-12 14:30:00.000 +0900,0,1998
2025-08-12 14:30:00.000 +0900,2025-08-12 15:00:00.000 +0900,0,1998
2025-08-12 15:00:00.000 +0900,2025-08-12 15:30:00.000 +0900,0,1998
2025-08-12 15:30:00.000 +0900,2025-08-12 16:00:00.000 +0900,0,1998
2025-08-12 17:30:00.000 +0900,2025-08-12 18:00:00.000 +0900,0,1998
2025-08-12 17:00:00.000 +0900,2025-08-12 17:30:00.000 +0900,0,1998
2025-08-12 18:00:00.000 +0900,2025-08-12 18:30:00.000 +0900,0,1998
2025-08-19 15:00:00.000 +0900,2025-08-19 15:30:00.000 +0900,,1998
2025-08-19 15:30:00.000 +0900,2025-08-19 16:00:00.000 +0900,,1998
2025-08-19 16:00:00.000 +0900,2025-08-19 16:30:00.000 +0900,,1998
2025-08-19 16:30:00.000 +0900,2025-08-19 17:00:00.000 +0900,,1998
2025-08-19 17:00:00.000 +0900,2025-08-19 17:30:00.000 +0900,,1998
2025-08-19 17:30:00.000 +0900,2025-08-19 18:00:00.000 +0900,,1998
2025-08-25 15:00:00.000 +0900,2025-08-25 15:30:00.000 +0900,,
2025-08-25 15:30:00.000 +0900,2025-08-25 16:00:00.000 +0900,,
2025-08-25 16:00:00.000 +0900,2025-08-25 16:30:00.000 +0900,,
2025-08-25 16:30:00.000 +0900,2025-08-25 17:00:00.000 +0900,,
2025-08-25 17:30:00.000 +0900,2025-08-25 18:00:00.000 +0900,,
2025-08-25 17:00:00.000 +0900,2025-08-25 17:30:00.000 +0900,,
2025-09-24 15:00:00.000 +0900,2025-09-24 15:30:00.000 +0900,0,0
2025-09-24 15:30:00.000 +0900,2025-09-24 16:00:00.000 +0900,0,0
2025-09-24 16:00:00.000 +0900,2025-09-24 16:30:00.000 +0900,0,0
2025-09-24 16:30:00.000 +0900,2025-09-24 17:00:00.000 +0900,0,0
2025-09-24 17:00:00.000 +0900,2025-09-24 17:30:00.000 +0900,0,0
2025-09-24 17:30:00.000 +0900,2025-09-24 18:00:00.000 +0900,0,0
2025-10-09 12:00:00.000 +0900,2025-10-09 12:30:00.000 +0900,0,0
2025-10-09 12:30:00.000 +0900,2025-10-09 13:00:00.000 +0900,0,0
2025-10-09 13:00:00.000 +0900,2025-10-09 13:30:00.000 +0900,0,0
2025-10-09 13:30:00.000 +0900,2025-10-09 14:00:00.000 +0900,0,0
2025-10-09 14:00:00.000 +0900,2025-10-09 14:30:00.000 +0900,0,0
2025-10-09 14:30:00.000 +0900,2025-10-09 15:00:00.000 +0900,0,0
2025-10-09 15:00:00.000 +0900,2025-10-09 15:30:00.000 +0900,0,0
2025-10-09 15:30:00.000 +0900,2025-10-09 16:00:00.000 +0900,0,0
2025-10-09 16:00:00.000 +0900,2025-10-09 16:30:00.000 +0900,0,0
2025-10-09 16:30:00.000 +0900,2025-10-09 17:00:00.000 +0900,0,0
2025-10-09 17:00:00.000 +0900,2025-10-09 17:30:00.000 +0900,0,0
2025-10-09 17:30:00.000 +0900,2025-10-09 18:00:00.000 +0900,0,0
2025-10-12 06:00:00.000 +0900,2025-10-12 06:30:00.000 +0900,0,0
2025-10-12 06:30:00.000 +0900,2025-10-12 07:00:00.000 +0900,0,0
2025-10-12 07:00:00.000 +0900,2025-10-12 07:30:00.000 +0900,0,0
2025-10-12 07:30:00.000 +0900,2025-10-12 08:00:00.000 +0900,0,0
2025-10-12 08:00:00.000 +0900,2025-10-12 08:30:00.000 +0900,0,0
2025-10-12 08:30:00.000 +0900,2025-10-12 09:00:00.000 +0900,0,0
2025-10-12 09:00:00.000 +0900,2025-10-12 09:30:00.000 +0900,0,0
2025-10-12 09:30:00.000 +0900,2025-10-12 10:00:00.000 +0900,0,0
2025-10-12 10:00:00.000 +0900,2025-10-12 10:30:00.000 +0900,0,0
2025-10-12 10:30:00.000 +0900,2025-10-12 11:00:00.000 +0900,0,0
2025-10-12 11:00:00.000 +0900,2025-10-12 11:30:00.000 +0900,0,0
2025-10-12 11:30:00.000 +0900,2025-10-12 12:00:00.000 +0900,0,0
2025-10-12 12:00:00.000 +0900,2025-10-12 12:30:00.000 +0900,0,0
2025-10-12 12:30:00.000 +0900,2025-10-12 13:00:00.000 +0900,0,0
2025-10-12 13:00:00.000 +0900,2025-10-12 13:30:00.000 +0900,0,0
2025-10-12 13:30:00.000 +0900,2025-10-12 14:00:00.000 +0900,0,0
2025-10-12 14:00:00.000 +0900,2025-10-12 14:30:00.000 +0900,0,0
2025-10-12 14:30:00.000 +0900,2025-10-12 15:00:00.000 +0900,0,0
2025-10-12 15:00:00.000 +0900,2025-10-12 15:30:00.000 +0900,0,0
2025-10-12 15:30:00.000 +0900,2025-10-12 16:00:00.000 +0900,0,0
2025-10-12 16:00:00.000 +0900,2025-10-12 16:30:00.000 +0900,0,0
2025-10-12 16:30:00.000 +0900,2025-10-12 17:00:00.000 +0900,0,0
2025-10-12 17:00:00.000 +0900,2025-10-12 17:30:00.000 +0900,0,0
2025-10-12 17:30:00.000 +0900,2025-10-12 18:00:00.000 +0900,0,0
2025-10-14 06:00:00.000 +0900,2025-10-14 06:30:00.000 +0900,0,0
2025-10-14 06:30:00.000 +0900,2025-10-14 07:00:00.000 +0900,0,0
2025-10-14 07:00:00.000 +0900,2025-10-14 07:30:00.000 +0900,0,0
2025-10-14 07:30:00.000 +0900,2025-10-14 08:00:00.000 +0900,0,0
2025-10-14 08:00:00.000 +0900,2025-10-14 08:30:00.000 +0900,0,0
2025-10-14 08:30:00.000 +0900,2025-10-14 09:00:00.000 +0900,0,0
2025-10-14 09:00:00.000 +0900,2025-10-14 09:30:00.000 +0900,0,0
2025-10-14 09:30:00.000 +0900,2025-10-14 10:00:00.000 +0900,0,0
2025-10-14 10:00:00.000 +0900,2025-10-14 10:30:00.000 +0900,0,0
2025-10-14 10:30:00.000 +0900,2025-10-14 11:00:00.000 +0900,0,0
2025-10-14 11:00:00.000 +0900,2025-10-14 11:30:00.000 +0900,0,0
2025-10-14 11:30:00.000 +0900,2025-10-14 12:00:00.000 +0900,0,0
2025-10-14 12:00:00.000 +0900,2025-10-14 12:30:00.000 +0900,0,0
2025-10-14 12:30:00.000 +0900,2025-10-14 13:00:00.000 +0900,0,0
2025-10-14 13:00:00.000 +0900,2025-10-14 13:30:00.000 +0900,0,0
2025-10-14 13:30:00.000 +0900,2025-10-14 14:00:00.000 +0900,0,0
2025-10-14 14:00:00.000 +0900,2025-10-14 14:30:00.000 +0900,0,0
2025-10-14 14:30:00.000 +0900,2025-10-14 15:00:00.000 +0900,0,0
2025-10-14 15:00:00.000 +0900,2025-10-14 15:30:00.000 +0900,0,0
2025-10-14 15:30:00.000 +0900,2025-10-14 16:00:00.000 +0900,0,0
2025-10-14 16:00:00.000 +0900,2025-10-14 16:30:00.000 +0900,0,0
2025-10-14 16:30:00.000 +0900,2025-10-14 17:00:00.000 +0900,0,0
2025-10-14 17:00:00.000 +0900,2025-10-14 17:30:00.000 +0900,0,0
2025-10-14 17:30:00.000 +0900,2025-10-14 18:00:00.000 +0900,0,0
2025-10-15 16:30:00.000 +0900,2025-10-15 17:00:00.000 +0900,0,0
2025-10-15 17:00:00.000 +0900,2025-10-15 17:30:00.000 +0900,0,0
2025-10-15 17:30:00.000 +0900,2025-10-15 18:00:00.000 +0900,0,0
2025-10-10 06:00:00.000 +0900,2025-10-10 06:30:00.000 +0900,0,0
2025-10-10 06:30:00.000 +0900,2025-10-10 07:00:00.000 +0900,0,0
2025-10-10 07:00:00.000 +0900,2025-10-10 07:30:00.000 +0900,0,0
2025-10-10 07:30:00.000 +0900,2025-10-10 08:00:00.000 +0900,0,0
2025-10-10 08:00:00.000 +0900,2025-10-10 08:30:00.000 +0900,0,0
2025-10-10 08:30:00.000 +0900,2025-10-10 09:00:00.000 +0900,0,0
2025-10-10 09:00:00.000 +0900,2025-10-10 09:30:00.000 +0900,0,0
2025-10-10 09:30:00.000 +0900,2025-10-10 10:00:00.000 +0900,0,0
2025-10-10 10:00:00.000 +0900,2025-10-10 10:30:00.000 +0900,0,0
2025-10-10 10:30:00.000 +0900,2025-10-10 11:00:00.000 +0900,0,0
2025-10-10 11:00:00.000 +0900,2025-10-10 11:30:00.000 +0900,0,0
2025-10-10 11:30:00.000 +0900,2025-10-10 12:00:00.000 +0900,0,0
2025-10-10 12:00:00.000 +0900,2025-10-10 12:30:00.000 +0900,0,0
2025-10-10 12:30:00.000 +0900,2025-10-10 13:00:00.000 +0900,0,0
2025-10-10 13:00:00.000 +0900,2025-10-10 13:30:00.000 +0900,0,0
2025-10-10 13:30:00.000 +0900,2025-10-10 14:00:00.000 +0900,0,0
2025-10-10 14:00:00.000 +0900,2025-10-10 14:30:00.000 +0900,0,0
2025-10-10 14:30:00.000 +0900,2025-10-10 15:00:00.000 +0900,0,0
2025-10-10 15:00:00.000 +0900,2025-10-10 15:30:00.000 +0900,0,0
2025-10-10 15:30:00.000 +0900,2025-10-10 16:00:00.000 +0900,0,0
2025-10-10 16:00:00.000 +0900,2025-10-10 16:30:00.000 +0900,0,0
2025-10-10 16:30:00.000 +0900,2025-10-10 17:00:00.000 +0900,0,0
2025-10-10 17:00:00.000 +0900,2025-10-10 17:30:00.000 +0900,0,0
2025-10-10 17:30:00.000 +0900,2025-10-10 18:00:00.000 +0900,0,0
2025-10-13 06:00:00.000 +0900,2025-10-13 06:30:00.000 +0900,0,0
2025-10-13 06:30:00.000 +0900,2025-10-13 07:00:00.000 +0900,0,0
2025-10-13 07:00:00.000 +0900,2025-10-13 07:30:00.000 +0900,0,0
2025-10-13 07:30:00.000 +0900,2025-10-13 08:00:00.000 +0900,0,0
2025-10-13 08:00:00.000 +0900,2025-10-13 08:30:00.000 +0900,0,0
2025-10-13 09:00:00.000 +0900,2025-10-13 09:30:00.000 +0900,0,0
2025-10-13 08:30:00.000 +0900,2025-10-13 09:00:00.000 +0900,0,0
2025-10-13 09:30:00.000 +0900,2025-10-13 10:00:00.000 +0900,0,0
2025-10-13 10:00:00.000 +0900,2025-10-13 10:30:00.000 +0900,0,0
2025-10-13 10:30:00.000 +0900,2025-10-13 11:00:00.000 +0900,0,0
2025-10-13 11:00:00.000 +0900,2025-10-13 11:30:00.000 +0900,0,0
2025-10-13 11:30:00.000 +0900,2025-10-13 12:00:00.000 +0900,0,0
2025-10-13 12:00:00.000 +0900,2025-10-13 12:30:00.000 +0900,0,0
2025-10-13 12:30:00.000 +0900,2025-10-13 13:00:00.000 +0900,0,0
2025-10-13 13:00:00.000 +0900,2025-10-13 13:30:00.000 +0900,0,0
2025-10-13 13:30:00.000 +0900,2025-10-13 14:00:00.000 +0900,0,0
2025-10-13 14:00:00.000 +0900,2025-10-13 14:30:00.000 +0900,0,0
2025-10-13 14:30:00.000 +0900,2025-10-13 15:00:00.000 +0900,0,0
2025-10-13 15:00:00.000 +0900,2025-10-13 15:30:00.000 +0900,0,0
2025-10-13 15:30:00.000 +0900,2025-10-13 16:00:00.000 +0900,0,0
2025-10-13 16:00:00.000 +0900,2025-10-13 16:30:00.000 +0900,0,0
2025-09-20 06:00:00.000 +0900,2025-09-20 06:30:00.000 +0900,0,0
2025-09-20 06:30:00.000 +0900,2025-09-20 07:00:00.000 +0900,0,0
2025-09-20 07:00:00.000 +0900,2025-09-20 07:30:00.000 +0900,0,0
2025-09-20 07:30:00.000 +0900,2025-09-20 08:00:00.000 +0900,0,0
2025-09-20 08:00:00.000 +0900,2025-09-20 08:30:00.000 +0900,0,0
2025-09-20 08:30:00.000 +0900,2025-09-20 09:00:00.000 +0900,0,0
2025-09-20 09:00:00.000 +0900,2025-09-20 09:30:00.000 +0900,0,0
2025-09-20 09:30:00.000 +0900,2025-09-20 10:00:00.000 +0900,0,0
2025-09-20 10:00:00.000 +0900,2025-09-20 10:30:00.000 +0900,0,0
2025-09-20 10:30:00.000 +0900,2025-09-20 11:00:00.000 +0900,0,0
2025-09-20 11:00:00.000 +0900,2025-09-20 11:30:00.000 +0900,0,0
2025-09-20 11:30:00.000 +0900,2025-09-20 12:00:00.000 +0900,0,0
2025-09-20 12:00:00.000 +0900,2025-09-20 12:30:00.000 +0900,0,0
2025-09-20 12:30:00.000 +0900,2025-09-20 13:00:00.000 +0900,0,0
2025-09-20 13:00:00.000 +0900,2025-09-20 13:30:00.000 +0900,0,0
2025-09-20 13:30:00.000 +0900,2025-09-20 14:00:00.000 +0900,0,0
2025-09-20 14:00:00.000 +0900,2025-09-20 14:30:00.000 +0900,0,0
2025-09-20 14:30:00.000 +0900,2025-09-20 15:00:00.000 +0900,0,0
2025-09-20 15:00:00.000 +0900,2025-09-20 15:30:00.000 +0900,0,0
2025-09-20 15:30:00.000 +0900,2025-09-20 16:00:00.000 +0900,0,0
2025-09-20 16:00:00.000 +0900,2025-09-20 16:30:00.000 +0900,0,0
2025-09-20 16:30:00.000 +0900,2025-09-20 17:00:00.000 +0900,0,0
2025-09-20 17:00:00.000 +0900,2025-09-20 17:30:00.000 +0900,0,0
2025-09-20 17:30:00.000 +0900,2025-09-20 18:00:00.000 +0900,0,0
2025-09-21 06:00:00.000 +0900,2025-09-21 06:30:00.000 +0900,0,0
2025-09-21 06:30:00.000 +0900,2025-09-21 07:00:00.000 +0900,0,0
2025-09-21 07:00:00.000 +0900,2025-09-21 07:30:00.000 +0900,0,0
2025-09-21 07:30:00.000 +0900,2025-09-21 08:00:00.000 +0900,0,0
2025-09-21 08:00:00.000 +0900,2025-09-21 08:30:00.000 +0900,0,0
2025-09-21 08:30:00.000 +0900,2025-09-21 09:00:00.000 +0900,0,0
2025-09-21 09:00:00.000 +0900,2025-09-21 09:30:00.000 +0900,0,0
2025-09-21 09:30:00.000 +0900,2025-09-21 10:00:00.000 +0900,0,0
2025-09-21 10:00:00.000 +0900,2025-09-21 10:30:00.000 +0900,0,0
2025-09-21 10:30:00.000 +0900,2025-09-21 11:00:00.000 +0900,0,0
2025-09-21 11:00:00.000 +0900,2025-09-21 11:30:00.000 +0900,0,0
2025-09-21 11:30:00.000 +0900,2025-09-21 12:00:00.000 +0900,0,0
2025-09-21 12:00:00.000 +0900,2025-09-21 12:30:00.000 +0900,0,0
2025-09-21 12:30:00.000 +0900,2025-09-21 13:00:00.000 +0900,0,0
2025-09-21 13:00:00.000 +0900,2025-09-21 13:30:00.000 +0900,0,0
2025-09-21 13:30:00.000 +0900,2025-09-21 14:00:00.000 +0900,0,0
2025-09-21 14:00:00.000 +0900,2025-09-21 14:30:00.000 +0900,0,0
2025-09-21 14:30:00.000 +0900,2025-09-21 15:00:00.000 +0900,0,0
2025-09-21 15:00:00.000 +0900,2025-09-21 15:30:00.000 +0900,0,0
2025-09-21 15:30:00.000 +0900,2025-09-21 16:00:00.000 +0900,0,0
2025-09-21 16:00:00.000 +0900,2025-09-21 16:30:00.000 +0900,0,0
2025-09-21 16:30:00.000 +0900,2025-09-21 17:00:00.000 +0900,0,0
2025-09-21 17:00:00.000 +0900,2025-09-21 17:30:00.000 +0900,0,0
2025-09-21 17:30:00.000 +0900,2025-09-21 18:00:00.000 +0900,0,0
2025-09-24 06:00:00.000 +0900,2025-09-24 06:30:00.000 +0900,0,0
2025-09-24 06:30:00.000 +0900,2025-09-24 07:00:00.000 +0900,0,0
2025-09-24 07:00:00.000 +0900,2025-09-24 07:30:00.000 +0900,0,0
2025-09-24 08:00:00.000 +0900,2025-09-24 08:30:00.000 +0900,0,0
2025-09-24 07:30:00.000 +0900,2025-09-24 08:00:00.000 +0900,0,0
2025-09-24 08:30:00.000 +0900,2025-09-24 09:00:00.000 +0900,0,0
2025-09-24 09:00:00.000 +0900,2025-09-24 09:30:00.000 +0900,0,0
2025-09-24 09:30:00.000 +0900,2025-09-24 10:00:00.000 +0900,0,0
2025-09-24 10:00:00.000 +0900,2025-09-24 10:30:00.000 +0900,0,0
2025-09-24 10:30:00.000 +0900,2025-09-24 11:00:00.000 +0900,0,0
2025-09-24 11:00:00.000 +0900,2025-09-24 11:30:00.000 +0900,0,0
2025-09-24 11:30:00.000 +0900,2025-09-24 12:00:00.000 +0900,0,0
2025-09-22 06:00:00.000 +0900,2025-09-22 06:30:00.000 +0900,0,1998
2025-09-22 06:30:00.000 +0900,2025-09-22 07:00:00.000 +0900,0,1998
2025-09-22 07:00:00.000 +0900,2025-09-22 07:30:00.000 +0900,0,1998
2025-09-22 07:30:00.000 +0900,2025-09-22 08:00:00.000 +0900,0,1998
2025-09-22 08:00:00.000 +0900,2025-09-22 08:30:00.000 +0900,0,1998
2025-09-22 08:30:00.000 +0900,2025-09-22 09:00:00.000 +0900,0,1998
2025-09-22 09:00:00.000 +0900,2025-09-22 09:30:00.000 +0900,0,0
2025-09-22 09:30:00.000 +0900,2025-09-22 10:00:00.000 +0900,0,0
2025-09-22 10:00:00.000 +0900,2025-09-22 10:30:00.000 +0900,0,0
2025-09-22 10:30:00.000 +0900,2025-09-22 11:00:00.000 +0900,0,0
2025-09-22 11:00:00.000 +0900,2025-09-22 11:30:00.000 +0900,0,0
2025-09-22 11:30:00.000 +0900,2025-09-22 12:00:00.000 +0900,0,0
2025-09-22 12:00:00.000 +0900,2025-09-22 12:30:00.000 +0900,0,532
2025-09-22 12:30:00.000 +0900,2025-09-22 13:00:00.000 +0900,0,532
2025-09-22 13:00:00.000 +0900,2025-09-22 13:30:00.000 +0900,0,532
2025-09-22 13:30:00.000 +0900,2025-09-22 14:00:00.000 +0900,0,532
2025-09-22 14:00:00.000 +0900,2025-09-22 14:30:00.000 +0900,0,532
2025-09-22 14:30:00.000 +0900,2025-09-22 15:00:00.000 +0900,0,532
2025-09-23 06:00:00.000 +0900,2025-09-23 06:30:00.000 +0900,0,1998
2025-09-23 06:30:00.000 +0900,2025-09-23 07:00:00.000 +0900,0,1998
2025-09-23 07:00:00.000 +0900,2025-09-23 07:30:00.000 +0900,0,1998
2025-09-23 07:30:00.000 +0900,2025-09-23 08:00:00.000 +0900,0,1998
2025-09-23 08:00:00.000 +0900,2025-09-23 08:30:00.000 +0900,0,1998
2025-09-23 08:30:00.000 +0900,2025-09-23 09:00:00.000 +0900,0,1998
2025-09-23 09:00:00.000 +0900,2025-09-23 09:30:00.000 +0900,0,0
2025-09-23 09:30:00.000 +0900,2025-09-23 10:00:00.000 +0900,0,0
2025-09-23 10:00:00.000 +0900,2025-09-23 10:30:00.000 +0900,0,0
2025-09-23 10:30:00.000 +0900,2025-09-23 11:00:00.000 +0900,0,0
2025-09-23 11:00:00.000 +0900,2025-09-23 11:30:00.000 +0900,0,0
2025-09-23 11:30:00.000 +0900,2025-09-23 12:00:00.000 +0900,0,0
2025-09-23 12:00:00.000 +0900,2025-09-23 12:30:00.000 +0900,0,532
2025-09-23 12:30:00.000 +0900,2025-09-23 13:00:00.000 +0900,0,532
2025-09-23 13:00:00.000 +0900,2025-09-23 13:30:00.000 +0900,0,532
2025-09-23 13:30:00.000 +0900,2025-09-23 14:00:00.000 +0900,0,532
2025-09-23 14:00:00.000 +0900,2025-09-23 14:30:00.000 +0900,0,532
2025-09-23 14:30:00.000 +0900,2025-09-23 15:00:00.000 +0900,0,532
2025-09-25 06:00:00.000 +0900,2025-09-25 06:30:00.000 +0900,0,1998
2025-09-25 06:30:00.000 +0900,2025-09-25 07:00:00.000 +0900,0,1998
2025-09-25 07:00:00.000 +0900,2025-09-25 07:30:00.000 +0900,0,1998
2025-09-25 07:30:00.000 +0900,2025-09-25 08:00:00.000 +0900,0,1998
2025-09-25 08:00:00.000 +0900,2025-09-25 08:30:00.000 +0900,0,1998
2025-09-25 08:30:00.000 +0900,2025-09-25 09:00:00.000 +0900,0,1998
2025-09-25 09:00:00.000 +0900,2025-09-25 09:30:00.000 +0900,0,0
2025-09-25 09:30:00.000 +0900,2025-09-25 10:00:00.000 +0900,0,0
2025-09-25 10:00:00.000 +0900,2025-09-25 10:30:00.000 +0900,0,0
2025-09-25 10:30:00.000 +0900,2025-09-25 11:00:00.000 +0900,0,0
2025-09-25 11:00:00.000 +0900,2025-09-25 11:30:00.000 +0900,0,0
2025-09-25 11:30:00.000 +0900,2025-09-25 12:00:00.000 +0900,0,0
2025-09-25 12:00:00.000 +0900,2025-09-25 12:30:00.000 +0900,0,532
2025-09-25 12:30:00.000 +0900,2025-09-25 13:00:00.000 +0900,0,532
2025-09-25 13:00:00.000 +0900,2025-09-25 13:30:00.000 +0900,0,532
2025-09-25 13:30:00.000 +0900,2025-09-25 14:00:00.000 +0900,0,532
2025-09-25 14:00:00.000 +0900,2025-09-25 14:30:00.000 +0900,0,532
2025-09-25 14:30:00.000 +0900,2025-09-25 15:00:00.000 +0900,0,532
2025-09-26 06:00:00.000 +0900,2025-09-26 06:30:00.000 +0900,0,1998
2025-09-26 06:30:00.000 +0900,2025-09-26 07:00:00.000 +0900,0,1998
2025-09-26 07:00:00.000 +0900,2025-09-26 07:30:00.000 +0900,0,1998
2025-09-26 07:30:00.000 +0900,2025-09-26 08:00:00.000 +0900,0,1998
2025-09-26 08:00:00.000 +0900,2025-09-26 08:30:00.000 +0900,0,1998
2025-09-26 08:30:00.000 +0900,2025-09-26 09:00:00.000 +0900,0,1998
2025-09-26 09:00:00.000 +0900,2025-09-26 09:30:00.000 +0900,0,0
2025-09-26 09:30:00.000 +0900,2025-09-26 10:00:00.000 +0900,0,0
2025-09-26 10:00:00.000 +0900,2025-09-26 10:30:00.000 +0900,0,0
2025-09-26 10:30:00.000 +0900,2025-09-26 11:00:00.000 +0900,0,0
2025-09-26 11:00:00.000 +0900,2025-09-26 11:30:00.000 +0900,0,0
2025-09-26 11:30:00.000 +0900,2025-09-26 12:00:00.000 +0900,0,0
2025-09-26 12:00:00.000 +0900,2025-09-26 12:30:00.000 +0900,0,532
2025-09-26 12:30:00.000 +0900,2025-09-26 13:00:00.000 +0900,0,532
2025-09-26 13:00:00.000 +0900,2025-09-26 13:30:00.000 +0900,0,532
2025-09-26 13:30:00.000 +0900,2025-09-26 14:00:00.000 +0900,0,532
2025-09-26 14:00:00.000 +0900,2025-09-26 14:30:00.000 +0900,0,532
2025-09-26 14:30:00.000 +0900,2025-09-26 15:00:00.000 +0900,0,532
2025-10-11 06:00:00.000 +0900,2025-10-11 06:30:00.000 +0900,0,0
2025-10-11 06:30:00.000 +0900,2025-10-11 07:00:00.000 +0900,0,0
2025-10-11 07:00:00.000 +0900,2025-10-11 07:30:00.000 +0900,0,0
2025-10-11 07:30:00.000 +0900,2025-10-11 08:00:00.000 +0900,0,0
2025-10-11 08:00:00.000 +0900,2025-10-11 08:30:00.000 +0900,0,0
2025-10-11 08:30:00.000 +0900,2025-10-11 09:00:00.000 +0900,0,0
2025-10-11 09:00:00.000 +0900,2025-10-11 09:30:00.000 +0900,0,0
2025-10-11 09:30:00.000 +0900,2025-10-11 10:00:00.000 +0900,0,0
2025-10-11 10:00:00.000 +0900,2025-10-11 10:30:00.000 +0900,0,0
2025-10-11 10:30:00.000 +0900,2025-10-11 11:00:00.000 +0900,0,0
2025-10-11 11:00:00.000 +0900,2025-10-11 11:30:00.000 +0900,0,0
2025-10-11 11:30:00.000 +0900,2025-10-11 12:00:00.000 +0900,0,0
2025-10-11 12:00:00.000 +0900,2025-10-11 12:30:00.000 +0900,0,0
2025-10-11 12:30:00.000 +0900,2025-10-11 13:00:00.000 +0900,0,0
2025-10-11 13:00:00.000 +0900,2025-10-11 13:30:00.000 +0900,0,0
2025-10-11 13:30:00.000 +0900,2025-10-11 14:00:00.000 +0900,0,0
2025-10-11 14:00:00.000 +0900,2025-10-11 14:30:00.000 +0900,0,0
2025-10-11 14:30:00.000 +0900,2025-10-11 15:00:00.000 +0900,0,0
2025-10-11 15:00:00.000 +0900,2025-10-11 15:30:00.000 +0900,0,0
2025-10-11 15:30:00.000 +0900,2025-10-11 16:00:00.000 +0900,0,0
2025-10-11 16:00:00.000 +0900,2025-10-11 16:30:00.000 +0900,0,0
2025-10-11 16:30:00.000 +0900,2025-10-11 17:00:00.000 +0900,0,0
2025-10-11 17:00:00.000 +0900,2025-10-11 17:30:00.000 +0900,0,0
2025-10-11 17:30:00.000 +0900,2025-10-11 18:00:00.000 +0900,0,0
2025-10-13 16:30:00.000 +0900,2025-10-13 17:00:00.000 +0900,0,0
2025-10-13 17:00:00.000 +0900,2025-10-13 17:30:00.000 +0900,0,0
2025-10-13 17:30:00.000 +0900,2025-10-13 18:00:00.000 +0900,0,0
2025-10-15 06:00:00.000 +0900,2025-10-15 06:30:00.000 +0900,0,0
2025-10-15 06:30:00.000 +0900,2025-10-15 07:00:00.000 +0900,0,0
2025-10-15 07:00:00.000 +0900,2025-10-15 07:30:00.000 +0900,0,0
2025-10-15 07:30:00.000 +0900,2025-10-15 08:00:00.000 +0900,0,0
2025-10-15 08:00:00.000 +0900,2025-10-15 08:30:00.000 +0900,0,0
2025-10-15 08:30:00.000 +0900,2025-10-15 09:00:00.000 +0900,0,0
2025-10-15 09:00:00.000 +0900,2025-10-15 09:30:00.000 +0900,0,0
2025-10-15 09:30:00.000 +0900,2025-10-15 10:00:00.000 +0900,0,0
2025-10-15 10:00:00.000 +0900,2025-10-15 10:30:00.000 +0900,0,0
2025-10-15 10:30:00.000 +0900,2025-10-15 11:00:00.000 +0900,0,0
2025-10-15 12:00:00.000 +0900,2025-10-15 12:30:00.000 +0900,0,0
2025-10-15 13:00:00.000 +0900,2025-10-15 13:30:00.000 +0900,0,0
2025-10-15 13:30:00.000 +0900,2025-10-15 14:00:00.000 +0900,0,0
2025-10-15 14:00:00.000 +0900,2025-10-15 14:30:00.000 +0900,0,0
2025-10-15 14:30:00.000 +0900,2025-10-15 15:00:00.000 +0900,0,0
2025-10-15 15:00:00.000 +0900,2025-10-15 15:30:00.000 +0900,0,0
2025-10-15 15:30:00.000 +0900,2025-10-15 16:00:00.000 +0900,0,0
2025-10-15 16:00:00.000 +0900,2025-10-15 16:30:00.000 +0900,0,0
2025-10-15 11:30:00.000 +0900,2025-10-15 12:00:00.000 +0900,0,1900
2025-10-16 06:00:00.000 +0900,2025-10-16 06:30:00.000 +0900,0,0
2025-10-16 06:30:00.000 +0900,2025-10-16 07:00:00.000 +0900,0,0
2025-10-16 07:00:00.000 +0900,2025-10-16 07:30:00.000 +0900,0,0
2025-10-16 07:30:00.000 +0900,2025-10-16 08:00:00.000 +0900,0,0
2025-10-16 08:00:00.000 +0900,2025-10-16 08:30:00.000 +0900,0,0
2025-10-16 08:30:00.000 +0900,2025-10-16 09:00:00.000 +0900,0,0
2025-10-16 09:00:00.000 +0900,2025-10-16 09:30:00.000 +0900,0,0
2025-10-16 09:30:00.000 +0900,2025-10-16 10:00:00.000 +0900,0,0
2025-10-16 10:00:00.000 +0900,2025-10-16 10:30:00.000 +0900,0,0
2025-10-16 10:30:00.000 +0900,2025-10-16 11:00:00.000 +0900,0,0
2025-10-16 11:00:00.000 +0900,2025-10-16 11:30:00.000 +0900,0,0
2025-10-16 11:30:00.000 +0900,2025-10-16 12:00:00.000 +0900,0,0
2025-10-16 12:00:00.000 +0900,2025-10-16 12:30:00.000 +0900,0,0
2025-10-16 12:30:00.000 +0900,2025-10-16 13:00:00.000 +0900,0,0
2025-10-16 13:00:00.000 +0900,2025-10-16 13:30:00.000 +0900,0,0
2025-10-16 13:30:00.000 +0900,2025-10-16 14:00:00.000 +0900,0,0
2025-10-16 14:00:00.000 +0900,2025-10-16 14:30:00.000 +0900,0,0
2025-10-16 14:30:00.000 +0900,2025-10-16 15:00:00.000 +0900,0,0
2025-10-16 15:00:00.000 +0900,2025-10-16 15:30:00.000 +0900,0,0
2025-10-16 15:30:00.000 +0900,2025-10-16 16:00:00.000 +0900,0,0
2025-10-16 16:00:00.000 +0900,2025-10-16 16:30:00.000 +0900,0,0
2025-10-16 16:30:00.000 +0900,2025-10-16 17:00:00.000 +0900,0,0
2025-10-16 17:00:00.000 +0900,2025-10-16 17:30:00.000 +0900,0,0
2025-10-16 17:30:00.000 +0900,2025-10-16 18:00:00.000 +0900,0,0
2025-10-17 06:00:00.000 +0900,2025-10-17 06:30:00.000 +0900,0,0
2025-10-17 06:30:00.000 +0900,2025-10-17 07:00:00.000 +0900,0,0
2025-10-17 07:00:00.000 +0900,2025-10-17 07:30:00.000 +0900,0,0
2025-10-17 07:30:00.000 +0900,2025-10-17 08:00:00.000 +0900,0,0
2025-10-17 08:00:00.000 +0900,2025-10-17 08:30:00.000 +0900,0,0
2025-10-17 08:30:00.000 +0900,2025-10-17 09:00:00.000 +0900,0,0
2025-10-17 09:00:00.000 +0900,2025-10-17 09:30:00.000 +0900,0,0
2025-10-17 09:30:00.000 +0900,2025-10-17 10:00:00.000 +0900,0,0
2025-10-17 10:00:00.000 +0900,2025-10-17 10:30:00.000 +0900,0,0
2025-10-17 10:30:00.000 +0900,2025-10-17 11:00:00.000 +0900,0,0
2025-10-17 11:00:00.000 +0900,2025-10-17 11:30:00.000 +0900,0,0
2025-10-17 11:30:00.000 +0900,2025-10-17 12:00:00.000 +0900,0,0
2025-10-17 12:00:00.000 +0900,2025-10-17 12:30:00.000 +0900,0,0
2025-10-17 12:30:00.000 +0900,2025-10-17 13:00:00.000 +0900,0,0
2025-10-17 13:00:00.000 +0900,2025-10-17 13:30:00.000 +0900,0,0
2025-10-17 13:30:00.000 +0900,2025-10-17 14:00:00.000 +0900,0,0
2025-10-17 14:00:00.000 +0900,2025-10-17 14:30:00.000 +0900,0,0
2025-10-17 14:30:00.000 +0900,2025-10-17 15:00:00.000 +0900,0,0
2025-10-17 15:00:00.000 +0900,2025-10-17 15:30:00.000 +0900,0,0
2025-10-17 15:30:00.000 +0900,2025-10-17 16:00:00.000 +0900,0,0
2025-10-17 16:00:00.000 +0900,2025-10-17 16:30:00.000 +0900,0,0
2025-10-17 16:30:00.000 +0900,2025-10-17 17:00:00.000 +0900,0,0
2025-10-17 17:00:00.000 +0900,2025-10-17 17:30:00.000 +0900,0,0
2025-10-17 17:30:00.000 +0900,2025-10-17 18:00:00.000 +0900,0,0
2025-10-20 06:00:00.000 +0900,2025-10-20 06:30:00.000 +0900,0,200
2025-10-20 06:30:00.000 +0900,2025-10-20 07:00:00.000 +0900,0,200
2025-10-20 07:00:00.000 +0900,2025-10-20 07:30:00.000 +0900,0,200
2025-10-20 07:30:00.000 +0900,2025-10-20 08:00:00.000 +0900,0,200
2025-10-20 08:00:00.000 +0900,2025-10-20 08:30:00.000 +0900,0,200
2025-10-20 08:30:00.000 +0900,2025-10-20 09:00:00.000 +0900,0,200
2025-10-20 09:00:00.000 +0900,2025-10-20 09:30:00.000 +0900,0,200
2025-10-20 09:30:00.000 +0900,2025-10-20 10:00:00.000 +0900,0,200
2025-10-20 10:00:00.000 +0900,2025-10-20 10:30:00.000 +0900,0,200
2025-10-20 10:30:00.000 +0900,2025-10-20 11:00:00.000 +0900,0,200
2025-10-20 11:00:00.000 +0900,2025-10-20 11:30:00.000 +0900,0,200
2025-10-20 11:30:00.000 +0900,2025-10-20 12:00:00.000 +0900,0,200
2025-10-20 12:00:00.000 +0900,2025-10-20 12:30:00.000 +0900,0,200
2025-10-20 12:30:00.000 +0900,2025-10-20 13:00:00.000 +0900,0,200
2025-10-20 13:00:00.000 +0900,2025-10-20 13:30:00.000 +0900,0,200
2025-10-20 13:30:00.000 +0900,2025-10-20 14:00:00.000 +0900,0,200
2025-10-20 14:00:00.000 +0900,2025-10-20 14:30:00.000 +0900,0,200
2025-10-20 14:30:00.000 +0900,2025-10-20 15:00:00.000 +0900,0,200
2025-10-20 15:00:00.000 +0900,2025-10-20 15:30:00.000 +0900,0,200
2025-10-20 15:30:00.000 +0900,2025-10-20 16:00:00.000 +0900,0,200
2025-10-20 16:00:00.000 +0900,2025-10-20 16:30:00.000 +0900,0,200
2025-10-20 16:30:00.000 +0900,2025-10-20 17:00:00.000 +0900,0,200
2025-10-20 17:00:00.000 +0900,2025-10-20 17:30:00.000 +0900,0,200
2025-10-20 17:30:00.000 +0900,2025-10-20 18:00:00.000 +0900,0,200
2025-10-21 06:00:00.000 +0900,2025-10-21 06:30:00.000 +0900,0,200
2025-10-21 06:30:00.000 +0900,2025-10-21 07:00:00.000 +0900,0,200
2025-10-21 07:00:00.000 +0900,2025-10-21 07:30:00.000 +0900,0,200
2025-10-21 07:30:00.000 +0900,2025-10-21 08:00:00.000 +0900,0,200
2025-10-21 08:00:00.000 +0900,2025-10-21 08:30:00.000 +0900,0,200
2025-10-21 08:30:00.000 +0900,2025-10-21 09:00:00.000 +0900,0,200
2025-10-21 09:00:00.000 +0900,2025-10-21 09:30:00.000 +0900,0,200
2025-10-21 09:30:00.000 +0900,2025-10-21 10:00:00.000 +0900,0,200
2025-10-21 10:00:00.000 +0900,2025-10-21 10:30:00.000 +0900,0,200
2025-10-21 10:30:00.000 +0900,2025-10-21 11:00:00.000 +0900,0,200
2025-10-21 11:00:00.000 +0900,2025-10-21 11:30:00.000 +0900,0,200
2025-10-21 11:30:00.000 +0900,2025-10-21 12:00:00.000 +0900,0,200
2025-10-21 12:00:00.000 +0900,2025-10-21 12:30:00.000 +0900,0,200
2025-10-21 12:30:00.000 +0900,2025-10-21 13:00:00.000 +0900,0,200
2025-10-21 13:00:00.000 +0900,2025-10-21 13:30:00.000 +0900,0,200
2025-10-21 13:30:00.000 +0900,2025-10-21 14:00:00.000 +0900,0,200
2025-10-21 14:00:00.000 +0900,2025-10-21 14:30:00.000 +0900,0,200
2025-10-21 14:30:00.000 +0900,2025-10-21 15:00:00.000 +0900,0,200
2025-10-21 15:00:00.000 +0900,2025-10-21 15:30:00.000 +0900,0,200
2025-10-21 15:30:00.000 +0900,2025-10-21 16:00:00.000 +0900,0,200
2025-10-21 16:00:00.000 +0900,2025-10-21 16:30:00.000 +0900,0,200
2025-10-21 16:30:00.000 +0900,2025-10-21 17:00:00.000 +0900,0,200
2025-10-21 17:00:00.000 +0900,2025-10-21 17:30:00.000 +0900,0,200
2025-10-21 17:30:00.000 +0900,2025-10-21 18:00:00.000 +0900,0,200
2025-10-22 06:00:00.000 +0900,2025-10-22 06:30:00.000 +0900,0,200
2025-10-22 06:30:00.000 +0900,2025-10-22 07:00:00.000 +0900,0,200
2025-10-22 07:00:00.000 +0900,2025-10-22 07:30:00.000 +0900,0,200
2025-10-22 07:30:00.000 +0900,2025-10-22 08:00:00.000 +0900,0,200
2025-10-22 08:00:00.000 +0900,2025-10-22 08:30:00.000 +0900,0,200
2025-10-22 08:30:00.000 +0900,2025-10-22 09:00:00.000 +0900,0,200
2025-10-22 09:00:00.000 +0900,2025-10-22 09:30:00.000 +0900,0,200
2025-10-22 09:30:00.000 +0900,2025-10-22 10:00:00.000 +0900,0,200
2025-10-22 10:00:00.000 +0900,2025-10-22 10:30:00.000 +0900,0,200
2025-10-22 10:30:00.000 +0900,2025-10-22 11:00:00.000 +0900,0,200
2025-10-22 11:00:00.000 +0900,2025-10-22 11:30:00.000 +0900,0,200
2025-10-22 11:30:00.000 +0900,2025-10-22 12:00:00.000 +0900,0,200
2025-10-22 12:00:00.000 +0900,2025-10-22 12:30:00.000 +0900,0,200
2025-10-22 12:30:00.000 +0900,2025-10-22 13:00:00.000 +0900,0,200
2025-10-22 13:00:00.000 +0900,2025-10-22 13:30:00.000 +0900,0,200
2025-10-22 13:30:00.000 +0900,2025-10-22 14:00:00.000 +0900,0,200
2025-10-22 14:00:00.000 +0900,2025-10-22 14:30:00.000 +0900,0,200
2025-10-22 14:30:00.000 +0900,2025-10-22 15:00:00.000 +0900,0,200
2025-10-22 15:00:00.000 +0900,2025-10-22 15:30:00.000 +0900,0,200
2025-10-22 15:30:00.000 +0900,2025-10-22 16:00:00.000 +0900,0,200
2025-10-22 16:00:00.000 +0900,2025-10-22 16:30:00.000 +0900,0,200
2025-10-22 16:30:00.000 +0900,2025-10-22 17:00:00.000 +0900,0,200
2025-10-22 17:00:00.000 +0900,2025-10-22 17:30:00.000 +0900,0,200
2025-10-22 17:30:00.000 +0900,2025-10-22 18:00:00.000 +0900,0,200
2025-10-23 06:00:00.000 +0900,2025-10-23 06:30:00.000 +0900,0,200
2025-10-23 06:30:00.000 +0900,2025-10-23 07:00:00.000 +0900,0,200
2025-10-23 07:00:00.000 +0900,2025-10-23 07:30:00.000 +0900,0,200
2025-10-23 07:30:00.000 +0900,2025-10-23 08:00:00.000 +0900,0,200
2025-10-23 08:00:00.000 +0900,2025-10-23 08:30:00.000 +0900,0,200
2025-10-23 08:30:00.000 +0900,2025-10-23 09:00:00.000 +0900,0,200
2025-10-23 09:00:00.000 +0900,2025-10-23 09:30:00.000 +0900,0,200
2025-10-23 09:30:00.000 +0900,2025-10-23 10:00:00.000 +0900,0,200
2025-10-23 10:00:00.000 +0900,2025-10-23 10:30:00.000 +0900,0,200
2025-10-23 10:30:00.000 +0900,2025-10-23 11:00:00.000 +0900,0,200
2025-10-23 11:00:00.000 +0900,2025-10-23 11:30:00.000 +0900,0,200
2025-10-23 11:30:00.000 +0900,2025-10-23 12:00:00.000 +0900,0,200
2025-10-23 12:00:00.000 +0900,2025-10-23 12:30:00.000 +0900,0,200
2025-10-23 12:30:00.000 +0900,2025-10-23 13:00:00.000 +0900,0,200
2025-10-23 13:00:00.000 +0900,2025-10-23 13:30:00.000 +0900,0,200
2025-10-23 13:30:00.000 +0900,2025-10-23 14:00:00.000 +0900,0,200
2025-10-23 14:00:00.000 +0900,2025-10-23 14:30:00.000 +0900,0,200
2025-10-23 14:30:00.000 +0900,2025-10-23 15:00:00.000 +0900,0,200
2025-10-23 15:00:00.000 +0900,2025-10-23 15:30:00.000 +0900,0,200
2025-10-23 15:30:00.000 +0900,2025-10-23 16:00:00.000 +0900,0,200
2025-10-23 16:00:00.000 +0900,2025-10-23 16:30:00.000 +0900,0,200
2025-10-23 16:30:00.000 +0900,2025-10-23 17:00:00.000 +0900,0,200
2025-10-23 17:00:00.000 +0900,2025-10-23 17:30:00.000 +0900,0,200
2025-10-23 17:30:00.000 +0900,2025-10-23 18:00:00.000 +0900,0,200
2025-10-24 06:00:00.000 +0900,2025-10-24 06:30:00.000 +0900,0,200
2025-10-24 06:30:00.000 +0900,2025-10-24 07:00:00.000 +0900,0,200
2025-10-24 07:00:00.000 +0900,2025-10-24 07:30:00.000 +0900,0,200
2025-10-24 07:30:00.000 +0900,2025-10-24 08:00:00.000 +0900,0,200
2025-10-24 08:00:00.000 +0900,2025-10-24 08:30:00.000 +0900,0,200
2025-10-24 08:30:00.000 +0900,2025-10-24 09:00:00.000 +0900,0,200
2025-10-24 09:00:00.000 +0900,2025-10-24 09:30:00.000 +0900,0,200
2025-10-24 09:30:00.000 +0900,2025-10-24 10:00:00.000 +0900,0,200
2025-10-24 10:00:00.000 +0900,2025-10-24 10:30:00.000 +0900,0,200
2025-10-24 10:30:00.000 +0900,2025-10-24 11:00:00.000 +0900,0,200
2025-10-24 11:00:00.000 +0900,2025-10-24 11:30:00.000 +0900,0,200
2025-10-24 11:30:00.000 +0900,2025-10-24 12:00:00.000 +0900,0,200
2025-10-24 12:00:00.000 +0900,2025-10-24 12:30:00.000 +0900,0,200
2025-10-24 12:30:00.000 +0900,2025-10-24 13:00:00.000 +0900,0,200
2025-10-24 13:00:00.000 +0900,2025-10-24 13:30:00.000 +0900,0,200
2025-10-24 13:30:00.000 +0900,2025-10-24 14:00:00.000 +0900,0,200
2025-10-24 14:00:00.000 +0900,2025-10-24 14:30:00.000 +0900,0,200
2025-10-24 14:30:00.000 +0900,2025-10-24 15:00:00.000 +0900,0,200
2025-10-24 15:00:00.000 +0900,2025-10-24 15:30:00.000 +0900,0,200
2025-10-24 15:30:00.000 +0900,2025-10-24 16:00:00.000 +0900,0,200
2025-10-24 16:00:00.000 +0900,2025-10-24 16:30:00.000 +0900,0,200
2025-10-24 16:30:00.000 +0900,2025-10-24 17:00:00.000 +0900,0,200
2025-10-24 17:00:00.000 +0900,2025-10-24 17:30:00.000 +0900,0,200
2025-10-24 17:30:00.000 +0900,2025-10-24 18:00:00.000 +0900,0,200
2025-10-15 11:00:00.000 +0900,2025-10-15 11:30:00.000 +0900,0,600
2025-10-15 12:30:00.000 +0900,2025-10-15 13:00:00.000 +0900,0,600
2025-10-25 06:00:00.000 +0900,2025-10-25 06:30:00.000 +0900,0,200
2025-10-25 06:30:00.000 +0900,2025-10-25 07:00:00.000 +0900,0,200
2025-10-25 07:00:00.000 +0900,2025-10-25 07:30:00.000 +0900,0,200
2025-10-25 07:30:00.000 +0900,2025-10-25 08:00:00.000 +0900,0,200
2025-10-25 08:00:00.000 +0900,2025-10-25 08:30:00.000 +0900,0,200
2025-10-25 08:30:00.000 +0900,2025-10-25 09:00:00.000 +0900,0,200
2025-10-25 09:00:00.000 +0900,2025-10-25 09:30:00.000 +0900,0,200
2025-10-25 09:30:00.000 +0900,2025-10-25 10:00:00.000 +0900,0,200
2025-10-25 10:00:00.000 +0900,2025-10-25 10:30:00.000 +0900,0,200
2025-10-25 10:30:00.000 +0900,2025-10-25 11:00:00.000 +0900,0,200
2025-10-25 11:00:00.000 +0900,2025-10-25 11:30:00.000 +0900,0,200
2025-10-25 11:30:00.000 +0900,2025-10-25 12:00:00.000 +0900,0,200
2025-10-25 12:00:00.000 +0900,2025-10-25 12:30:00.000 +0900,0,200
2025-10-25 12:30:00.000 +0900,2025-10-25 13:00:00.000 +0900,0,200
2025-10-25 13:00:00.000 +0900,2025-10-25 13:30:00.000 +0900,0,200
2025-10-25 13:30:00.000 +0900,2025-10-25 14:00:00.000 +0900,0,200
2025-10-25 14:00:00.000 +0900,2025-10-25 14:30:00.000 +0900,0,200
2025-10-25 14:30:00.000 +0900,2025-10-25 15:00:00.000 +0900,0,200
2025-10-25 15:00:00.000 +0900,2025-10-25 15:30:00.000 +0900,0,200
2025-10-25 15:30:00.000 +0900,2025-10-25 16:00:00.000 +0900,0,200
2025-10-25 16:00:00.000 +0900,2025-10-25 16:30:00.000 +0900,0,200
2025-10-25 16:30:00.000 +0900,2025-10-25 17:00:00.000 +0900,0,200
2025-10-25 17:00:00.000 +0900,2025-10-25 17:30:00.000 +0900,0,200
2025-10-25 17:30:00.000 +0900,2025-10-25 18:00:00.000 +0900,0,200
2025-10-26 06:00:00.000 +0900,2025-10-26 06:30:00.000 +0900,0,200
2025-10-26 06:30:00.000 +0900,2025-10-26 07:00:00.000 +0900,0,200
2025-10-26 07:00:00.000 +0900,2025-10-26 07:30:00.000 +0900,0,200
2025-10-26 07:30:00.000 +0900,2025-10-26 08:00:00.000 +0900,0,200
2025-10-26 08:00:00.000 +0900,2025-10-26 08:30:00.000 +0900,0,200
2025-10-26 08:30:00.000 +0900,2025-10-26 09:00:00.000 +0900,0,200
2025-10-26 09:00:00.000 +0900,2025-10-26 09:30:00.000 +0900,0,200
2025-10-26 09:30:00.000 +0900,2025-10-26 10:00:00.000 +0900,0,200
2025-10-26 10:00:00.000 +0900,2025-10-26 10:30:00.000 +0900,0,200
2025-10-26 10:30:00.000 +0900,2025-10-26 11:00:00.000 +0900,0,200
2025-10-26 11:00:00.000 +0900,2025-10-26 11:30:00.000 +0900,0,200
2025-10-26 11:30:00.000 +0900,2025-10-26 12:00:00.000 +0900,0,200
2025-10-26 12:00:00.000 +0900,2025-10-26 12:30:00.000 +0900,0,200
2025-10-26 12:30:00.000 +0900,2025-10-26 13:00:00.000 +0900,0,200
2025-10-26 13:00:00.000 +0900,2025-10-26 13:30:00.000 +0900,0,200
2025-10-26 13:30:00.000 +0900,2025-10-26 14:00:00.000 +0900,0,200
2025-10-26 14:00:00.000 +0900,2025-10-26 14:30:00.000 +0900,0,200
2025-10-26 14:30:00.000 +0900,2025-10-26 15:00:00.000 +0900,0,200
2025-10-26 15:00:00.000 +0900,2025-10-26 15:30:00.000 +0900,0,200
2025-10-26 15:30:00.000 +0900,2025-10-26 16:00:00.000 +0900,0,200
2025-10-26 16:00:00.000 +0900,2025-10-26 16:30:00.000 +0900,0,200
2025-10-26 16:30:00.000 +0900,2025-10-26 17:00:00.000 +0900,0,200
2025-10-26 17:00:00.000 +0900,2025-10-26 17:30:00.000 +0900,0,200
2025-10-26 17:30:00.000 +0900,2025-10-26 18:00:00.000 +0900,0,200
2025-10-27 06:00:00.000 +0900,2025-10-27 06:30:00.000 +0900,0,200
2025-10-27 06:30:00.000 +0900,2025-10-27 07:00:00.000 +0900,0,200
2025-10-27 07:00:00.000 +0900,2025-10-27 07:30:00.000 +0900,0,200
2025-10-27 07:30:00.000 +0900,2025-10-27 08:00:00.000 +0900,0,200
2025-10-27 08:00:00.000 +0900,2025-10-27 08:30:00.000 +0900,0,200
2025-10-27 08:30:00.000 +0900,2025-10-27 09:00:00.000 +0900,0,200
2025-10-27 09:00:00.000 +0900,2025-10-27 09:30:00.000 +0900,0,200
2025-10-27 09:30:00.000 +0900,2025-10-27 10:00:00.000 +0900,0,200
2025-10-27 10:00:00.000 +0900,2025-10-27 10:30:00.000 +0900,0,200
2025-10-27 10:30:00.000 +0900,2025-10-27 11:00:00.000 +0900,0,200
2025-10-27 11:00:00.000 +0900,2025-10-27 11:30:00.000 +0900,0,200
2025-10-27 11:30:00.000 +0900,2025-10-27 12:00:00.000 +0900,0,200
2025-10-27 12:00:00.000 +0900,2025-10-27 12:30:00.000 +0900,0,200
2025-10-27 12:30:00.000 +0900,2025-10-27 13:00:00.000 +0900,0,200
2025-10-27 13:00:00.000 +0900,2025-10-27 13:30:00.000 +0900,0,200
2025-10-27 13:30:00.000 +0900,2025-10-27 14:00:00.000 +0900,0,200
2025-10-27 14:00:00.000 +0900,2025-10-27 14:30:00.000 +0900,0,200
2025-10-27 14:30:00.000 +0900,2025-10-27 15:00:00.000 +0900,0,200
2025-10-27 15:00:00.000 +0900,2025-10-27 15:30:00.000 +0900,0,200
2025-10-27 15:30:00.000 +0900,2025-10-27 16:00:00.000 +0900,0,200
2025-10-27 16:00:00.000 +0900,2025-10-27 16:30:00.000 +0900,0,200
2025-10-27 16:30:00.000 +0900,2025-10-27 17:00:00.000 +0900,0,200
2025-10-27 17:00:00.000 +0900,2025-10-27 17:30:00.000 +0900,0,200
2025-10-27 17:30:00.000 +0900,2025-10-27 18:00:00.000 +0900,0,200
2025-10-28 06:00:00.000 +0900,2025-10-28 06:30:00.000 +0900,0,200
2025-10-28 06:30:00.000 +0900,2025-10-28 07:00:00.000 +0900,0,200
2025-10-28 07:00:00.000 +0900,2025-10-28 07:30:00.000 +0900,0,200
2025-10-28 07:30:00.000 +0900,2025-10-28 08:00:00.000 +0900,0,200
2025-10-28 08:00:00.000 +0900,2025-10-28 08:30:00.000 +0900,0,200
2025-10-28 08:30:00.000 +0900,2025-10-28 09:00:00.000 +0900,0,200
2025-10-28 09:00:00.000 +0900,2025-10-28 09:30:00.000 +0900,0,200
2025-10-28 09:30:00.000 +0900,2025-10-28 10:00:00.000 +0900,0,200
2025-10-28 10:00:00.000 +0900,2025-10-28 10:30:00.000 +0900,0,200
2025-10-28 10:30:00.000 +0900,2025-10-28 11:00:00.000 +0900,0,200
2025-10-28 11:00:00.000 +0900,2025-10-28 11:30:00.000 +0900,0,200
2025-10-28 11:30:00.000 +0900,2025-10-28 12:00:00.000 +0900,0,200
2025-10-28 12:00:00.000 +0900,2025-10-28 12:30:00.000 +0900,0,200
2025-10-28 12:30:00.000 +0900,2025-10-28 13:00:00.000 +0900,0,200
2025-10-28 13:00:00.000 +0900,2025-10-28 13:30:00.000 +0900,0,200
2025-10-28 13:30:00.000 +0900,2025-10-28 14:00:00.000 +0900,0,200
2025-10-28 14:00:00.000 +0900,2025-10-28 14:30:00.000 +0900,0,200
2025-10-28 14:30:00.000 +0900,2025-10-28 15:00:00.000 +0900,0,200
2025-10-28 15:00:00.000 +0900,2025-10-28 15:30:00.000 +0900,0,200
2025-10-28 15:30:00.000 +0900,2025-10-28 16:00:00.000 +0900,0,200
2025-10-28 16:00:00.000 +0900,2025-10-28 16:30:00.000 +0900,0,200
2025-10-28 16:30:00.000 +0900,2025-10-28 17:00:00.000 +0900,0,200
2025-10-28 17:00:00.000 +0900,2025-10-28 17:30:00.000 +0900,0,200
2025-10-28 17:30:00.000 +0900,2025-10-28 18:00:00.000 +0900,0,200
2025-10-29 06:00:00.000 +0900,2025-10-29 06:30:00.000 +0900,0,200
2025-10-29 06:30:00.000 +0900,2025-10-29 07:00:00.000 +0900,0,200
2025-10-29 07:00:00.000 +0900,2025-10-29 07:30:00.000 +0900,0,200
2025-10-29 07:30:00.000 +0900,2025-10-29 08:00:00.000 +0900,0,200
2025-10-29 08:00:00.000 +0900,2025-10-29 08:30:00.000 +0900,0,200
2025-10-29 08:30:00.000 +0900,2025-10-29 09:00:00.000 +0900,0,200
2025-10-29 09:00:00.000 +0900,2025-10-29 09:30:00.000 +0900,0,200
2025-10-29 09:30:00.000 +0900,2025-10-29 10:00:00.000 +0900,0,200
2025-10-29 10:00:00.000 +0900,2025-10-29 10:30:00.000 +0900,0,200
2025-10-29 10:30:00.000 +0900,2025-10-29 11:00:00.000 +0900,0,200
2025-10-29 11:00:00.000 +0900,2025-10-29 11:30:00.000 +0900,0,200
2025-10-29 11:30:00.000 +0900,2025-10-29 12:00:00.000 +0900,0,200
2025-10-29 12:00:00.000 +0900,2025-10-29 12:30:00.000 +0900,0,200
2025-10-29 12:30:00.000 +0900,2025-10-29 13:00:00.000 +0900,0,200
2025-10-29 13:00:00.000 +0900,2025-10-29 13:30:00.000 +0900,0,200
2025-10-29 13:30:00.000 +0900,2025-10-29 14:00:00.000 +0900,0,200
2025-10-29 14:00:00.000 +0900,2025-10-29 14:30:00.000 +0900,0,200
2025-10-29 14:30:00.000 +0900,2025-10-29 15:00:00.000 +0900,0,200
2025-10-29 15:00:00.000 +0900,2025-10-29 15:30:00.000 +0900,0,200
2025-10-29 15:30:00.000 +0900,2025-10-29 16:00:00.000 +0900,0,200
2025-10-29 16:00:00.000 +0900,2025-10-29 16:30:00.000 +0900,0,200
2025-10-29 16:30:00.000 +0900,2025-10-29 17:00:00.000 +0900,0,200
2025-10-29 17:00:00.000 +0900,2025-10-29 17:30:00.000 +0900,0,200
2025-10-29 17:30:00.000 +0900,2025-10-29 18:00:00.000 +0900,0,200
2025-10-30 06:00:00.000 +0900,2025-10-30 06:30:00.000 +0900,0,200
2025-10-30 06:30:00.000 +0900,2025-10-30 07:00:00.000 +0900,0,200
2025-10-30 07:00:00.000 +0900,2025-10-30 07:30:00.000 +0900,0,200
2025-10-30 07:30:00.000 +0900,2025-10-30 08:00:00.000 +0900,0,200
2025-10-30 08:00:00.000 +0900,2025-10-30 08:30:00.000 +0900,0,200
2025-10-30 08:30:00.000 +0900,2025-10-30 09:00:00.000 +0900,0,200
2025-10-30 09:00:00.000 +0900,2025-10-30 09:30:00.000 +0900,0,200
2025-10-30 09:30:00.000 +0900,2025-10-30 10:00:00.000 +0900,0,200
2025-10-30 10:00:00.000 +0900,2025-10-30 10:30:00.000 +0900,0,200
2025-10-30 10:30:00.000 +0900,2025-10-30 11:00:00.000 +0900,0,200
2025-10-30 11:00:00.000 +0900,2025-10-30 11:30:00.000 +0900,0,200
2025-10-30 11:30:00.000 +0900,2025-10-30 12:00:00.000 +0900,0,200
2025-10-30 12:00:00.000 +0900,2025-10-30 12:30:00.000 +0900,0,200
2025-10-30 12:30:00.000 +0900,2025-10-30 13:00:00.000 +0900,0,200
2025-10-30 13:00:00.000 +0900,2025-10-30 13:30:00.000 +0900,0,200
2025-10-30 13:30:00.000 +0900,2025-10-30 14:00:00.000 +0900,0,200
2025-10-30 14:00:00.000 +0900,2025-10-30 14:30:00.000 +0900,0,200
2025-10-30 14:30:00.000 +0900,2025-10-30 15:00:00.000 +0900,0,200
2025-10-30 15:00:00.000 +0900,2025-10-30 15:30:00.000 +0900,0,200
2025-10-30 15:30:00.000 +0900,2025-10-30 16:00:00.000 +0900,0,200
2025-10-30 16:00:00.000 +0900,2025-10-30 16:30:00.000 +0900,0,200
2025-10-30 16:30:00.000 +0900,2025-10-30 17:00:00.000 +0900,0,200
2025-10-30 17:00:00.000 +0900,2025-10-30 17:30:00.000 +0900,0,200
2025-10-30 17:30:00.000 +0900,2025-10-30 18:00:00.000 +0900,0,200
2025-10-31 06:00:00.000 +0900,2025-10-31 06:30:00.000 +0900,0,200
2025-10-31 06:30:00.000 +0900,2025-10-31 07:00:00.000 +0900,0,200
2025-10-31 07:00:00.000 +0900,2025-10-31 07:30:00.000 +0900,0,200
2025-10-31 07:30:00.000 +0900,2025-10-31 08:00:00.000 +0900,0,200
2025-10-31 08:00:00.000 +0900,2025-10-31 08:30:00.000 +0900,0,200
2025-10-31 08:30:00.000 +0900,2025-10-31 09:00:00.000 +0900,0,200
2025-10-31 09:00:00.000 +0900,2025-10-31 09:30:00.000 +0900,0,200
2025-10-31 09:30:00.000 +0900,2025-10-31 10:00:00.000 +0900,0,200
2025-10-31 10:00:00.000 +0900,2025-10-31 10:30:00.000 +0900,0,200
2025-10-31 10:30:00.000 +0900,2025-10-31 11:00:00.000 +0900,0,200
2025-10-31 11:00:00.000 +0900,2025-10-31 11:30:00.000 +0900,0,200
2025-10-31 11:30:00.000 +0900,2025-10-31 12:00:00.000 +0900,0,200
2025-10-31 12:00:00.000 +0900,2025-10-31 12:30:00.000 +0900,0,200
2025-10-31 12:30:00.000 +0900,2025-10-31 13:00:00.000 +0900,0,200
2025-10-31 13:00:00.000 +0900,2025-10-31 13:30:00.000 +0900,0,200
2025-10-31 13:30:00.000 +0900,2025-10-31 14:00:00.000 +0900,0,200
2025-10-31 14:00:00.000 +0900,2025-10-31 14:30:00.000 +0900,0,200
2025-10-31 14:30:00.000 +0900,2025-10-31 15:00:00.000 +0900,0,200
2025-10-31 15:00:00.000 +0900,2025-10-31 15:30:00.000 +0900,0,200
2025-10-31 15:30:00.000 +0900,2025-10-31 16:00:00.000 +0900,0,200
2025-10-31 16:00:00.000 +0900,2025-10-31 16:30:00.000 +0900,0,200
2025-10-31 16:30:00.000 +0900,2025-10-31 17:00:00.000 +0900,0,200
2025-10-31 17:00:00.000 +0900,2025-10-31 17:30:00.000 +0900,0,200
2025-10-31 17:30:00.000 +0900,2025-10-31 18:00:00.000 +0900,0,200
2025-11-05 15:00:00.000 +0900,2025-11-05 15:30:00.000 +0900,0,1998
2025-11-05 17:30:00.000 +0900,2025-11-05 18:00:00.000 +0900,0,1998
2025-11-05 17:00:00.000 +0900,2025-11-05 17:30:00.000 +0900,0,1998
2025-11-05 15:30:00.000 +0900,2025-11-05 16:00:00.000 +0900,0,1998
2025-11-05 16:30:00.000 +0900,2025-11-05 17:00:00.000 +0900,0,1998
2025-11-05 16:00:00.000 +0900,2025-11-05 16:30:00.000 +0900,0,1998
2025-11-06 09:00:00.000 +0900,2025-11-06 09:30:00.000 +0900,0,1998
2025-11-06 09:30:00.000 +0900,2025-11-06 10:00:00.000 +0900,0,1998
2025-11-06 10:00:00.000 +0900,2025-11-06 10:30:00.000 +0900,0,1998
2025-11-06 10:30:00.000 +0900,2025-11-06 11:00:00.000 +0900,0,1998
2025-11-06 11:00:00.000 +0900,2025-11-06 11:30:00.000 +0900,0,1998
2025-11-06 11:30:00.000 +0900,2025-11-06 12:00:00.000 +0900,0,1998
2025-11-06 15:00:00.000 +0900,2025-11-06 15:30:00.000 +0900,0,1998
2025-11-06 15:30:00.000 +0900,2025-11-06 16:00:00.000 +0900,0,1998
2025-11-06 16:00:00.000 +0900,2025-11-06 16:30:00.000 +0900,0,1998
2025-11-06 16:30:00.000 +0900,2025-11-06 17:00:00.000 +0900,0,1998
2025-11-06 17:00:00.000 +0900,2025-11-06 17:30:00.000 +0900,0,1998
2025-11-06 17:30:00.000 +0900,2025-11-06 18:00:00.000 +0900,0,1998
2025-11-07 15:00:00.000 +0900,2025-11-07 15:30:00.000 +0900,0,1998
2025-11-07 15:30:00.000 +0900,2025-11-07 16:00:00.000 +0900,0,1998
2025-11-07 16:00:00.000 +0900,2025-11-07 16:30:00.000 +0900,0,1998
2025-11-07 16:30:00.000 +0900,2025-11-07 17:00:00.000 +0900,0,1998
2025-11-07 17:00:00.000 +0900,2025-11-07 17:30:00.000 +0900,0,1998
2025-11-07 17:30:00.000 +0900,2025-11-07 18:00:00.000 +0900,0,1998
